Player,Team,Minutes,goals_per_90,player_expected_goals_per_90,player_expected_assists_per_90,player_accurate_passes,player_accurate_long_balls,player_tackles_won,player_interceptions,player_effective_clearances,player_contests_won,player_big_chances_created
Harry Kane,Bayern München,2843,1.14,0.97,0.19,14.5,1.6,0.3,0.2,0.4,0.8,13.0
Serhou Guirassy,VfB Stuttgart,2212,1.14,0.85,0.22,25.5,0.5,0.1,0.2,1.2,0.7,12.0
Benjamin Sesko,RB Leipzig,1528,0.82,0.45,0.07,12.7,0.2,0.3,0.2,1.6,1.0,1.0
Victor Okoh Boniface,Bayer 04 Leverkusen,1553,0.81,0.9,0.19,15.8,0.6,0.2,0.0,0.8,2.7,8.0
Ikoma Lois Openda,RB Leipzig,2716,0.8,0.74,0.15,11.0,0.2,0.1,0.2,0.5,0.7,11.0
Deniz Undav,VfB Stuttgart,2096,0.77,0.65,0.26,24.9,0.7,0.6,0.3,0.2,1.2,15.0
Youssoufa Moukoko,Borussia Dortmund,614,0.73,0.58,0.1,15.0,0.4,0.1,0.3,0.6,1.6,0.0
Robin Hack,Borussia Mönchengladbach,1345,0.67,0.26,0.14,24.8,0.9,0.5,0.9,0.9,1.7,3.0
Donyell Malen,Borussia Dortmund,1783,0.66,0.48,0.17,19.9,0.5,0.4,0.1,0.4,2.1,9.0
Andrej Kramaric,TSG Hoffenheim,2206,0.61,0.45,0.29,34.4,1.1,0.1,0.4,0.4,1.0,14.0
Mathys Tel,Bayern München,1031,0.61,0.32,0.26,28.2,0.6,0.2,0.5,0.5,3.2,6.0
Maximilian Beier,TSG Hoffenheim,2431,0.59,0.42,0.11,13.7,0.1,0.4,0.3,0.4,1.2,4.0
Patrik Schick,Bayer 04 Leverkusen,1064,0.59,0.51,0.14,15.4,0.2,0.3,0.1,0.6,0.7,2.0
Nathan Tella,Bayer 04 Leverkusen,812,0.55,0.39,0.32,27.4,1.0,0.9,0.3,0.7,0.8,5.0
Justin Njinmah,SV Werder Bremen,1012,0.53,0.44,0.2,12.5,0.4,0.1,0.2,0.4,2.3,4.0
Jamal Musiala,Bayern München,1766,0.51,0.4,0.3,31.1,0.3,1.3,0.8,0.2,4.4,12.0
Silas Katompa Mvumpa,VfB Stuttgart,890,0.51,0.57,0.17,20.8,0.4,0.3,0.0,0.3,3.8,6.0
Ermedin Demirovic,FC Augsburg,2879,0.47,0.42,0.12,11.5,0.3,0.4,0.3,0.8,0.9,8.0
Omar Marmoush,Eintracht Frankfurt,2310,0.47,0.45,0.17,15.3,0.6,0.4,0.4,0.3,1.5,6.0
Jonathan Burkardt,1. FSV Mainz 05,1541,0.47,0.36,0.06,15.0,0.6,0.5,0.2,0.1,1.3,4.0
Niclas Füllkrug,Borussia Dortmund,2405,0.45,0.48,0.14,15.9,0.8,0.1,0.1,1.0,0.2,7.0
Florian Wirtz,Bayer 04 Leverkusen,2377,0.42,0.34,0.37,56.7,1.1,0.7,0.3,0.1,3.0,12.0
Davie Selke,FC Köln,1271,0.42,0.34,0.02,10.2,0.0,0.1,0.0,1.4,0.4,0.0
Goncalo Paciencia,VfL Bochum,645,0.42,0.41,0.08,14.9,1.0,0.6,0.0,1.0,1.7,3.0
Nikola Dovedan,1. FC Heidenheim 1846,646,0.42,0.27,0.12,17.0,1.0,1.3,0.1,0.4,1.1,2.0
Marvin Ducksch,SV Werder Bremen,2710,0.4,0.42,0.22,17.2,1.2,0.1,0.1,0.7,0.4,12.0
Amine Adli,Bayer 04 Leverkusen,890,0.4,0.34,0.29,35.9,0.3,0.7,0.6,0.5,1.3,3.0
Tomas Cvancara,Borussia Mönchengladbach,892,0.4,0.6,0.08,13.6,0.2,0.3,0.2,0.8,0.5,1.0
Ihlas Bebou,TSG Hoffenheim,1628,0.39,0.27,0.16,18.0,0.8,0.7,0.8,0.7,1.4,5.0
Christoph Baumgartner,RB Leipzig,1149,0.39,0.34,0.12,26.4,0.9,1.0,0.4,1.1,1.4,2.0
Václav Cerny,VfL Wolfsburg,923,0.39,0.22,0.25,23.6,1.4,0.3,0.8,0.4,1.4,1.0
Tim Kleindienst,1. FC Heidenheim 1846,2874,0.38,0.44,0.06,15.8,0.6,0.4,0.4,1.8,0.6,5.0
Steffen Tigges,FC Köln,715,0.38,0.32,0.09,14.9,0.3,0.8,0.1,1.4,0.5,3.0
Jonas Wind,VfL Wolfsburg,2660,0.37,0.32,0.13,15.9,0.6,0.3,0.1,0.7,0.4,9.0
Michael Gregoritsch,SC Freiburg,1684,0.37,0.5,0.07,14.2,0.7,0.6,0.5,1.4,0.3,1.0
Yussuf Poulsen,RB Leipzig,1209,0.37,0.43,0.17,15.0,0.1,0.6,0.3,1.0,0.9,3.0
Jeremie Frimpong,Bayer 04 Leverkusen,2263,0.36,0.33,0.22,26.8,0.3,0.7,0.3,0.6,1.9,9.0
Rafael Santos Borre,SV Werder Bremen,989,0.36,0.22,0.18,19.6,0.9,0.6,0.2,0.9,0.6,3.0
Benedict Hollerbach,1. FC Union Berlin,1283,0.35,0.24,0.1,17.0,0.7,0.8,0.3,0.1,2.1,2.0
Eren Dinkci,1. FC Heidenheim 1846,2672,0.34,0.15,0.12,15.8,0.7,0.6,0.4,0.5,1.4,7.0
Leroy Sané,Bayern München,2142,0.34,0.46,0.4,35.3,0.9,0.3,0.3,0.1,3.9,16.0
Alassane Plea,Borussia Mönchengladbach,1925,0.33,0.33,0.19,24.7,1.6,0.3,0.1,0.3,1.0,5.0
Marco Reus,Borussia Dortmund,1612,0.33,0.36,0.21,31.9,0.7,1.4,0.3,1.0,0.4,10.0
Nathan N'Goumou,Borussia Mönchengladbach,1381,0.33,0.24,0.19,20.4,0.5,1.4,0.3,1.1,1.3,2.0
Alejandro Grimaldo,Bayer 04 Leverkusen,2785,0.32,0.18,0.36,49.2,1.1,0.8,0.7,1.1,0.6,18.0
Wout Weghorst,TSG Hoffenheim,1987,0.32,0.34,0.13,18.7,0.4,0.3,0.3,1.1,0.1,3.0
Vincenzo Grifo,SC Freiburg,2344,0.31,0.3,0.29,35.2,2.5,0.8,0.6,0.8,0.9,17.0
Jordan Pefok,Borussia Mönchengladbach,1450,0.31,0.43,0.12,13.8,0.5,0.2,0.3,1.7,0.2,7.0
Phillip Tietz,FC Augsburg,2405,0.3,0.31,0.13,12.4,0.3,0.5,0.2,1.3,0.5,3.0
Tim Skarke,SV Darmstadt,2418,0.3,0.13,0.11,21.4,1.2,0.6,0.2,0.7,1.0,2.0
Ansgar Knauff,Eintracht Frankfurt,2117,0.3,0.24,0.12,17.6,0.5,1.1,0.9,0.6,1.1,4.0
Karim Adeyemi,Borussia Dortmund,911,0.3,0.34,0.16,20.3,0.4,1.4,0.3,0.4,1.8,3.0
Florian Neuhaus,Borussia Mönchengladbach,1226,0.29,0.32,0.19,33.8,2.5,0.9,1.0,0.6,0.8,4.0
Woo-Yeong Jeong,VfB Stuttgart,618,0.29,0.26,0.23,39.3,0.7,1.3,1.0,0.7,0.6,3.0
Chris Führich,VfB Stuttgart,2594,0.28,0.23,0.32,36.5,0.8,0.7,0.2,0.2,2.5,11.0
Jan-Niklas Beste,1. FC Heidenheim 1846,2618,0.28,0.15,0.22,14.6,1.0,1.7,0.6,0.8,1.0,10.0
Julian Brandt,Borussia Dortmund,2230,0.28,0.18,0.3,40.0,2.1,0.6,0.3,0.7,1.1,18.0
Ritsu Doan,SC Freiburg,2253,0.28,0.2,0.17,19.4,0.6,1.1,0.4,1.0,2.1,4.0
Faride Alidou,FC Köln,1284,0.28,0.21,0.05,12.9,0.7,0.3,0.6,0.9,1.7,0.0
Xavi Simons,RB Leipzig,2673,0.27,0.28,0.3,36.9,1.8,0.6,0.5,0.1,2.8,14.0
Lucas Höler,SC Freiburg,2309,0.27,0.33,0.08,19.0,0.6,0.9,0.6,1.3,0.5,1.0
Takuma Asano,VfL Bochum,2003,0.27,0.36,0.04,11.5,0.3,0.3,0.2,0.4,0.7,2.0
Thomas Müller,Bayern München,1659,0.27,0.34,0.43,30.5,1.0,0.9,0.2,0.3,0.6,17.0
Kevin Sessa,1. FC Heidenheim 1846,1001,0.27,0.26,0.16,28.4,2.2,0.9,0.4,1.4,1.1,2.0
Oscar Vilhelmsson,SV Darmstadt,1375,0.26,0.27,0.04,8.0,0.1,0.4,0.2,1.2,0.3,1.0
Eric Maxim Choupo-Moting,Bayern München,703,0.26,0.58,0.17,29.2,0.6,1.5,0.9,0.8,2.9,2.0
Jae-Sung Lee,1. FSV Mainz 05,2124,0.25,0.21,0.09,25.3,0.8,0.8,1.1,0.8,0.6,5.0
Rocco Reitz,Borussia Mönchengladbach,2141,0.25,0.15,0.11,32.7,1.7,1.5,1.8,1.1,0.8,3.0
Dani Olmo,RB Leipzig,1454,0.25,0.21,0.23,30.9,2.2,1.1,0.8,0.7,1.9,8.0
Maximilian Wittek,VfL Bochum,1067,0.25,0.11,0.23,20.2,1.1,1.4,1.5,1.8,0.8,1.0
Kevin Stöger,VfL Bochum,2678,0.24,0.21,0.33,41.3,3.2,1.0,0.6,0.5,0.8,17.0
Leon Goretzka,Bayern München,2242,0.24,0.2,0.19,62.1,2.5,0.9,1.2,1.6,0.5,10.0
Robin Gosens,1. FC Union Berlin,2297,0.24,0.09,0.13,26.6,1.5,1.7,1.4,2.7,0.2,6.0
Kevin Behrens,VfL Wolfsburg,1880,0.24,0.37,0.1,15.5,0.8,0.5,0.4,1.1,0.3,3.0
Jamie Leweling,VfB Stuttgart,1519,0.24,0.36,0.19,26.2,0.7,0.6,0.3,0.7,1.5,5.0
Kingsley Coman,Bayern München,1123,0.24,0.22,0.36,40.6,1.0,0.6,0.2,0.3,2.3,4.0
Eric Ebimbe,Eintracht Frankfurt,1967,0.23,0.23,0.17,28.7,0.8,1.3,0.4,1.6,1.9,5.0
Philipp Hofmann,VfL Bochum,1576,0.23,0.27,0.08,15.2,0.3,0.3,0.2,1.0,0.5,5.0
Gian-Luca Waldschmidt,FC Köln,1151,0.23,0.23,0.14,24.1,1.3,0.9,0.5,0.5,1.4,3.0
Raphaël Guerreiro,Bayern München,1194,0.23,0.18,0.26,61.6,1.7,1.2,1.1,0.4,1.0,3.0
Brajan Gruda,1. FSV Mainz 05,1651,0.22,0.19,0.28,20.7,0.7,0.8,0.3,0.2,3.8,9.0
Keven Schlotterbeck,VfL Bochum,2184,0.21,0.09,0.04,32.8,1.8,0.9,1.4,4.1,0.2,0.0
Lovro Majer,VfL Wolfsburg,2116,0.21,0.23,0.21,31.3,0.9,0.8,0.5,0.5,1.1,6.0
Robert Andrich,Bayer 04 Leverkusen,1681,0.21,0.09,0.12,71.7,2.1,1.0,1.1,0.9,0.4,3.0
Josip Stanisic,Bayer 04 Leverkusen,1257,0.21,0.05,0.12,66.2,2.9,1.4,0.6,1.6,0.9,2.0
Niels Nkounkou,Eintracht Frankfurt,1301,0.21,0.09,0.14,34.2,2.1,2.1,1.1,1.7,3.2,4.0
Robert Skov,TSG Hoffenheim,1261,0.21,0.13,0.13,31.6,2.2,1.1,0.7,1.6,0.6,3.0
Enzo Millot,VfB Stuttgart,2254,0.2,0.21,0.21,48.8,1.2,0.9,0.6,0.3,1.8,7.0
Florian Kainz,FC Köln,2210,0.2,0.2,0.18,28.4,2.0,0.8,0.5,0.8,0.9,4.0
Jonas Hofmann,Bayer 04 Leverkusen,2214,0.2,0.24,0.34,46.9,2.2,0.6,0.3,0.2,0.7,17.0
Exequiel Palacios,Bayer 04 Leverkusen,1840,0.2,0.16,0.2,90.2,2.7,1.7,1.4,0.9,1.1,8.0
Julian Ryerson,Borussia Dortmund,1772,0.2,0.09,0.14,43.4,1.2,1.2,0.5,1.5,0.8,5.0
Kevin Volland,1. FC Union Berlin,1346,0.2,0.36,0.16,16.0,1.0,0.6,0.4,0.7,0.4,6.0
Tobias Kempe,SV Darmstadt,1351,0.2,0.24,0.17,25.4,1.2,0.9,0.6,0.7,0.5,3.0
Arne Engels,FC Augsburg,1398,0.19,0.12,0.11,22.8,1.9,1.2,1.0,1.3,0.4,1.0
Kevin Paredes,VfL Wolfsburg,1429,0.19,0.19,0.12,25.6,1.1,1.3,1.4,1.5,0.9,2.0
Marcel Sabitzer,Borussia Dortmund,1964,0.18,0.16,0.14,38.8,1.6,1.1,0.5,1.5,0.5,6.0
Ruben Vargas,FC Augsburg,1978,0.18,0.18,0.14,20.2,0.7,0.5,0.3,0.7,1.0,4.0
Marvin Mehlem,SV Darmstadt,1491,0.18,0.24,0.09,26.1,1.1,1.3,2.0,0.7,0.6,0.0
Marvin Pieringer,1. FC Heidenheim 1846,1520,0.18,0.14,0.09,17.5,0.8,0.7,0.7,1.2,0.6,3.0
Arne Maier,FC Augsburg,998,0.18,0.14,0.25,37.4,3.1,0.8,0.5,1.0,1.1,2.0
Grischa Prömel,TSG Hoffenheim,2146,0.17,0.16,0.09,33.4,1.2,0.8,0.9,1.5,0.5,5.0
Ko Itakura,Borussia Mönchengladbach,1598,0.17,0.08,0.04,44.9,1.9,1.2,1.2,3.4,0.3,0.0
Mats Hummels,Borussia Dortmund,1581,0.17,0.18,0.08,71.7,6.0,1.9,1.9,4.6,0.1,2.0
Julian Justvan,SV Darmstadt,1069,0.17,0.08,0.3,25.2,1.8,0.3,0.9,0.5,1.3,2.0
Niklas Stark,SV Werder Bremen,1086,0.17,0.02,0.02,39.2,3.9,1.2,1.6,4.9,0.1,0.0
Ozan Kabak,TSG Hoffenheim,2290,0.16,0.09,0.07,45.5,2.2,1.4,1.8,4.1,0.4,1.0
Maxence Lacroix,VfL Wolfsburg,2364,0.15,0.03,0.05,46.6,3.7,1.1,0.9,4.4,0.3,0.0
Roland Sallai,SC Freiburg,1850,0.15,0.39,0.17,19.3,0.6,0.5,0.3,1.0,1.0,7.0
Aleksandar Pavlovic,Bayern München,1228,0.15,0.09,0.13,64.9,3.0,1.2,1.2,0.8,0.4,2.0
Christopher Antwi-Adjej,VfL Bochum,1216,0.15,0.16,0.22,16.0,0.4,0.9,0.1,0.7,0.5,7.0
Josha Vagnoman,VfB Stuttgart,1181,0.15,0.1,0.11,33.2,0.7,1.4,0.2,1.0,0.8,2.0
Nick Woltemade,SV Werder Bremen,1182,0.15,0.19,0.14,23.9,1.3,1.8,0.4,1.1,2.2,0.0
Jonathan Tah,Bayer 04 Leverkusen,2632,0.14,0.07,0.03,70.7,1.8,0.3,0.8,3.2,0.2,1.0
Leandro Barreiro,1. FSV Mainz 05,2606,0.14,0.16,0.04,23.3,1.1,1.4,1.2,1.8,0.5,1.0
Romano Schmid,SV Werder Bremen,2614,0.14,0.18,0.23,31.3,1.4,0.7,0.4,0.5,1.4,12.0
Brenden Aaronson,1. FC Union Berlin,1263,0.14,0.15,0.14,24.8,0.6,1.3,0.1,0.2,2.4,4.0
Kristijan Jakic,FC Augsburg,1253,0.14,0.06,0.07,35.1,2.2,1.2,1.6,1.1,0.4,0.0
Moritz Broschinski,VfL Bochum,1242,0.14,0.17,0.07,9.5,0.0,0.5,0.0,0.3,0.8,5.0
Mario Götze,Eintracht Frankfurt,2075,0.13,0.13,0.16,44.5,1.8,1.5,0.6,0.4,0.8,5.0
Fredrik Jensen,FC Augsburg,1350,0.13,0.06,0.28,17.4,0.9,0.7,0.8,1.3,0.3,5.0
Ludovic Ajorque,1. FSV Mainz 05,1355,0.13,0.35,0.11,21.1,0.6,0.1,0.3,0.7,0.1,0.0
Matthijs de Ligt,Bayern München,1389,0.13,0.12,0.04,72.4,2.6,0.8,1.2,3.4,0.1,0.0
Olivier Deman,SV Werder Bremen,1359,0.13,0.07,0.08,29.2,2.8,1.0,0.9,2.7,0.7,2.0
Marco Richter,1. FSV Mainz 05,713,0.13,0.24,0.26,21.1,1.9,0.5,0.3,0.1,2.0,2.0
Jens Stage,SV Werder Bremen,2334,0.12,0.17,0.07,29.5,1.3,0.8,0.9,2.0,0.3,4.0
Amadou Haidara,RB Leipzig,1537,0.12,0.07,0.09,40.5,1.8,1.6,1.2,2.2,0.5,2.0
John Anthony Brooks,TSG Hoffenheim,1539,0.12,0.15,0.02,43.1,4.2,0.9,1.6,6.2,0.2,0.0
Merlin Röhl,SC Freiburg,1483,0.12,0.12,0.13,21.7,0.7,0.8,0.5,1.3,1.3,5.0
Noah Weisshaupt,SC Freiburg,744,0.12,0.06,0.22,29.8,1.6,0.5,1.0,1.3,1.0,5.0
Franck Honorat,Borussia Mönchengladbach,2358,0.11,0.06,0.36,26.1,0.8,0.5,0.3,1.0,0.8,19.0
Pavel Kaderabek,TSG Hoffenheim,2419,0.11,0.09,0.2,24.8,1.1,0.7,0.9,2.3,0.1,10.0
Yannick Gerhardt,VfL Wolfsburg,1635,0.11,0.1,0.1,31.0,1.2,1.1,0.4,1.8,0.0,1.0
Sargis Adamyan,FC Köln,797,0.11,0.46,0.12,14.8,0.3,1.0,0.6,0.7,0.8,4.0
Granit Xhaka,Bayer 04 Leverkusen,2828,0.1,0.06,0.19,95.6,4.3,0.7,0.6,1.3,0.5,4.0
Mitchell Weiser,SV Werder Bremen,2639,0.1,0.13,0.2,29.2,1.7,1.3,0.7,1.3,1.7,8.0
Sepp van den Berg,1. FSV Mainz 05,2838,0.1,0.08,0.01,37.7,1.8,0.7,1.4,4.9,0.1,1.0
Hugo Larsson,Eintracht Frankfurt,1885,0.1,0.06,0.07,39.5,1.3,0.9,1.4,1.4,0.3,3.0
Patrick Osterhage,VfL Bochum,1863,0.1,0.07,0.03,31.3,1.3,1.3,1.3,1.4,0.8,0.0
Alphonso Davies,Bayern München,2067,0.09,0.04,0.14,56.2,0.3,1.0,1.1,1.7,3.0,3.0
Elvis Rexhbecaj,FC Augsburg,1994,0.09,0.08,0.06,23.2,1.2,0.9,0.9,0.9,0.4,0.0
Emre Can,Borussia Dortmund,1956,0.09,0.1,0.06,58.9,3.3,2.1,1.0,1.7,0.7,1.0
Fares Chaibi,Eintracht Frankfurt,1920,0.09,0.14,0.29,24.3,1.3,0.8,0.2,0.8,0.3,15.0
Jan Schöppner,1. FC Heidenheim 1846,2000,0.09,0.05,0.06,19.9,1.4,1.2,1.2,2.5,0.5,3.0
Maximilian Mittelstaedt,VfB Stuttgart,2104,0.09,0.04,0.29,54.2,1.9,2.2,2.0,2.3,1.5,8.0
Maximilian Wöber,Borussia Mönchengladbach,2070,0.09,0.06,0.05,51.0,2.5,1.3,1.7,4.6,0.1,2.0
Milos Veljkovic,SV Werder Bremen,1921,0.09,0.08,0.04,49.5,5.4,0.7,0.8,2.6,0.1,1.0
Adrian Beck,1. FC Heidenheim 1846,971,0.09,0.16,0.06,28.7,1.4,1.2,0.4,1.4,1.9,2.0
Felix Nmecha,Borussia Dortmund,1016,0.09,0.15,0.11,33.8,1.6,1.2,1.0,1.7,0.8,0.0
Mathias Honsak,SV Darmstadt,1013,0.09,0.16,0.06,17.4,0.4,0.6,0.7,2.0,0.8,2.0
Tiago Tomás,VfL Wolfsburg,1029,0.09,0.23,0.08,15.4,0.3,0.2,0.3,0.7,1.8,2.0
Christoph Klarer,SV Darmstadt,2356,0.08,0.05,0.04,39.6,2.9,0.8,0.8,3.4,0.2,2.0
Danilho Doekhi,1. FC Union Berlin,2160,0.08,0.05,0.04,30.7,2.9,1.0,1.6,4.3,0.1,0.0
Ellyes Skhiri,Eintracht Frankfurt,2169,0.08,0.1,0.08,44.7,2.0,1.0,1.6,1.7,0.5,3.0
Mohamed Simakan,RB Leipzig,2139,0.08,0.17,0.12,54.1,2.4,1.2,1.2,2.9,0.5,3.0
Jamie Bynoe-Gittens,Borussia Dortmund,1059,0.08,0.19,0.25,23.5,0.4,0.6,0.3,0.5,3.7,4.0
Anthony Caci,1. FSV Mainz 05,2493,0.07,0.06,0.13,35.4,3.9,0.8,1.2,1.4,0.8,6.0
Anton Stach,TSG Hoffenheim,2497,0.07,0.07,0.1,38.3,2.1,1.5,2.7,2.4,1.0,6.0
David Raum,RB Leipzig,2743,0.07,0.02,0.35,41.3,2.3,1.1,0.9,2.0,0.6,15.0
Joakim Mæhle,VfL Wolfsburg,2454,0.07,0.05,0.19,37.3,1.4,1.4,1.1,2.1,0.8,4.0
Julian Weigl,Borussia Mönchengladbach,2766,0.07,0.08,0.05,42.5,2.7,1.3,1.6,2.0,0.5,4.0
Maximilian Arnold,VfL Wolfsburg,2503,0.07,0.04,0.16,45.0,3.8,1.1,0.9,1.9,0.3,5.0
Nico Elvedi,Borussia Mönchengladbach,2485,0.07,0.06,0.01,53.3,1.4,0.7,1.6,5.2,0.2,0.0
Robin Koch,Eintracht Frankfurt,2740,0.07,0.1,0.02,62.4,2.8,0.8,1.1,4.4,0.1,0.0
András Schäfer,1. FC Union Berlin,1218,0.07,0.13,0.07,29.4,0.9,1.2,1.5,1.6,1.6,3.0
Janik Haberer,1. FC Union Berlin,1223,0.07,0.07,0.09,28.0,1.3,1.8,0.9,1.3,0.6,1.0
Kevin Kampl,RB Leipzig,1360,0.07,0.01,0.1,60.9,1.9,0.5,0.7,0.7,0.7,2.0
Marius Bülter,TSG Hoffenheim,1346,0.07,0.1,0.29,26.6,1.8,0.7,0.7,1.3,1.2,6.0
Philipp Max,Eintracht Frankfurt,1357,0.07,0.02,0.16,39.7,1.5,1.1,0.5,1.0,0.4,5.0
Silvan Widmer,1. FSV Mainz 05,1243,0.07,0.1,0.18,27.4,1.9,0.7,1.2,2.2,0.1,8.0
Tom Krauss,1. FSV Mainz 05,1339,0.07,0.05,0.05,32.4,1.5,2.2,1.1,1.8,0.2,1.0
Felix Uduokhai,FC Augsburg,2922,0.06,0.05,0.04,41.4,3.1,0.6,1.4,5.4,0.2,0.0
Nico Schlotterbeck,Borussia Dortmund,2861,0.06,0.1,0.06,74.6,5.9,1.6,1.4,3.1,0.3,4.0
Patrick Mainka,1. FC Heidenheim 1846,3060,0.06,0.1,0.02,37.8,2.5,1.4,1.4,4.6,0.3,0.0
Dan-Axel Zagadou,VfB Stuttgart,1453,0.06,0.06,0.04,72.9,3.9,0.9,1.2,4.6,0.2,0.0
Fabian Nürnberger,SV Darmstadt,1519,0.06,0.05,0.15,35.8,1.8,1.3,1.0,1.3,1.1,1.0
Iago,FC Augsburg,1622,0.06,0.08,0.16,24.5,2.3,0.9,1.0,2.2,1.1,4.0
Jan Thielmann,FC Köln,1588,0.06,0.13,0.07,17.3,1.3,1.0,0.5,1.4,1.0,1.0
Karim Onisiwo,1. FSV Mainz 05,1496,0.06,0.14,0.08,11.7,0.5,0.5,0.1,0.4,1.1,3.0
Kouadio Koné,Borussia Mönchengladbach,1565,0.06,0.07,0.04,33.5,1.3,1.5,0.9,0.9,2.1,1.0
Leonardo Bittencourt,SV Werder Bremen,1585,0.06,0.13,0.16,36.8,1.6,1.0,0.7,0.3,1.0,5.0
Luca Pfeiffer,SV Darmstadt,1625,0.06,0.26,0.06,15.9,0.4,0.3,0.1,1.2,0.4,2.0
Lukas Klostermann,RB Leipzig,1433,0.06,0.05,0.06,64.1,3.0,0.6,0.8,3.8,0.0,0.0
Nadiem Amiri,1. FSV Mainz 05,1401,0.06,0.15,0.27,39.1,2.9,1.0,0.9,1.2,1.7,10.0
Niklas Süle,Borussia Dortmund,1509,0.06,0.03,0.04,82.8,5.0,0.6,1.5,3.4,0.2,0.0
Piero Hincapié,Bayer 04 Leverkusen,1484,0.06,0.12,0.05,77.6,2.3,1.3,0.8,2.5,0.1,1.0
Aurelio Buta,Eintracht Frankfurt,1744,0.05,0.02,0.09,37.3,1.5,1.3,0.8,1.7,0.6,0.0
Dayot Upamecano,Bayern München,1763,0.05,0.09,0.05,85.0,3.2,1.1,1.0,2.7,0.3,1.0
Ivan Ordets,VfL Bochum,1879,0.05,0.06,0.08,22.6,1.2,0.7,1.5,6.0,0.0,1.0
Linton Maina,FC Köln,1904,0.05,0.09,0.16,20.6,0.4,0.7,0.3,0.5,1.0,6.0
Lukas Kübler,SC Freiburg,1848,0.05,0.03,0.03,32.3,2.2,1.2,1.8,2.6,0.1,0.0
Mads Valentin Pedersen,FC Augsburg,1783,0.05,0.04,0.11,25.4,1.6,2.0,1.0,2.2,1.2,2.0
Matej Maglica,SV Darmstadt,1701,0.05,0.03,0.06,40.0,3.8,1.1,1.2,4.7,0.1,1.0
Matthias Bader,SV Darmstadt,1807,0.05,0.04,0.17,26.6,2.1,1.2,1.2,0.8,0.9,3.0
Mattias Svanberg,VfL Wolfsburg,1725,0.05,0.15,0.13,29.4,1.2,0.9,1.1,1.3,0.8,5.0
Matus Bero,VfL Bochum,1665,0.05,0.16,0.1,18.3,1.1,1.2,0.6,1.4,0.2,4.0
Max Finkgrafe,FC Köln,1756,0.05,0.05,0.08,23.2,1.3,2.0,1.1,1.6,1.8,2.0
Min-Jae Kim,Bayern München,1970,0.05,0.04,0.02,90.5,2.5,1.1,2.1,3.1,0.1,1.0
Odilon Kossounou,Bayer 04 Leverkusen,1812,0.05,0.03,0.08,60.5,1.8,1.0,1.3,1.9,1.1,1.0
Robin Knoche,1. FC Union Berlin,1916,0.05,0.06,0.02,43.4,3.3,1.0,0.6,3.3,0.1,0.0
Benedikt Gimber,1. FC Heidenheim 1846,2026,0.04,0.06,0.05,30.2,2.3,1.1,0.7,4.4,0.4,2.0
Benjamin Henrichs,RB Leipzig,2531,0.04,0.09,0.21,38.7,2.2,1.4,1.2,1.1,1.2,9.0
Castello Lukeba,RB Leipzig,2185,0.04,0.03,0.03,70.8,2.1,0.5,0.5,3.8,0.7,0.0
Dominik Kohr,1. FSV Mainz 05,2190,0.04,0.07,0.05,35.5,2.9,1.7,1.8,2.1,0.2,1.0
Eric Martel,FC Köln,2464,0.04,0.08,0.03,33.1,1.1,1.6,1.6,2.9,0.3,1.0
Florian Grillitsch,TSG Hoffenheim,2297,0.04,0.05,0.07,58.2,4.1,1.1,2.0,3.4,0.5,2.0
Joseph Scally,Borussia Mönchengladbach,2236,0.04,0.02,0.06,34.9,1.5,1.1,0.7,2.9,0.4,3.0
Joshua Kimmich,Bayern München,2185,0.04,0.05,0.38,74.6,3.7,1.4,0.6,1.0,0.4,11.0
Lennard Maloney,1. FC Heidenheim 1846,2292,0.04,0.03,0.05,27.3,2.5,1.0,1.0,3.2,0.2,2.0
Manuel Gulde,SC Freiburg,2048,0.04,0.05,0.02,41.2,2.0,1.0,1.1,3.5,0.1,0.0
Marco Friedl,SV Werder Bremen,2198,0.04,0.01,0.01,37.9,3.6,1.3,1.4,5.2,0.2,0.0
Nicolas Höfler,SC Freiburg,2332,0.04,0.03,0.03,37.9,1.2,1.5,1.2,1.6,0.5,0.0
Philipp Mwene,1. FSV Mainz 05,2003,0.04,0.07,0.12,22.1,1.5,0.7,0.8,1.8,0.7,4.0
Ridle Baku,VfL Wolfsburg,2011,0.04,0.08,0.16,29.9,1.6,0.9,0.9,1.6,0.8,10.0
Angelo Stiller,VfB Stuttgart,2780,0.03,0.06,0.18,76.1,2.7,1.1,0.9,0.8,0.6,6.0
Anthony Jung,SV Werder Bremen,2583,0.03,0.02,0.03,53.1,3.0,0.8,0.8,3.3,0.2,0.0
Anthony Losilla,VfL Bochum,2586,0.03,0.08,0.04,22.4,0.8,1.3,0.9,1.7,0.3,2.0
Bernardo,VfL Bochum,2924,0.03,0.08,0.04,29.6,2.7,1.8,1.7,3.2,0.4,0.0
Jeffrey Gouweleeuw,FC Augsburg,2594,0.03,0.05,0.06,39.6,4.7,0.8,1.2,3.6,0.5,3.0
Maximilian Eggestein,SC Freiburg,2918,0.03,0.07,0.07,33.2,1.0,0.7,0.9,1.1,0.6,4.0
Tuta,Eintracht Frankfurt,2605,0.03,0.05,0.07,53.9,3.0,1.1,1.2,3.0,0.4,3.0
